[1,0,0,[["cc.TextAsset",["_name","text"],1]],[[0,0,1,3]],[[0,"index.d","//Based on the documentation http://docs2x.smartfoxserver.com/api-docs/jsdoc/client/\n\ndeclare namespace SFS2X {\n    interface LoginConfig {\n        /**\n         * The IP address or host name of the SmartFoxServer 2X instance to connect to.\n         */\n        host?: string;\n        /**\n         * The TCP port of the SmartFoxServer 2X instance to connect to.\n         */\n        port?: number;\n        /**\n         * Use an encrypted SSL connection.\n         */\n        useSSL?: boolean;\n        /**\n         * The IP address or host name of the SmartFoxServer 2X instance to connect to.\n         */\n        zone?: string;\n        /**\n         * Indicates whether the client-server messages console debug should be enabled or not.\n         */\n        debug?: boolean;\n    }\n\n    interface SFSDataWrapper {\n        type: number;\n        value: SFSObject;\n    }\n\n    /**\n     * The main event types dispatched by the SmartFoxServer 2X JavaScript API.\n     * The constants contained in this class are used to register the event listeners; when an event is dispatched,\n     * an object containing event-specific parameters is passed to the listener. See the documentation below for a\n     * description of the parameters available for each event.\n     */\n    class SFSEvent {\n        static HANDSHAKE: \"handshake\";\n        static CONNECTION: \"connection\";\n        static CONNECTION_LOST: \"connectionLost\";\n        static LOGIN: \"login\";\n        static LOGIN_ERROR: \"loginError\";\n        static LOGOUT: \"logout\";\n        static ROOM_ADD: \"roomAdd\";\n        static ROOM_CREATION_ERROR: \"roomCreationError\";\n        static ROOM_REMOVE: \"roomRemove\";\n        static ROOM_JOIN: \"roomJoin\";\n        static ROOM_JOIN_ERROR: \"roomJoinError\";\n        static USER_ENTER_ROOM: \"userEnterRoom\";\n        static USER_EXIT_ROOM: \"userExitRoom\";\n        static USER_COUNT_CHANGE: \"userCountChange\";\n        static PROXIMITY_LIST_UPDATE: \"proximityListUpdate\";\n        static PLAYER_TO_SPECTATOR: \"playerToSpectator\";\n        static PLAYER_TO_SPECTATOR_ERROR: \"playerToSpectatorError\";\n        static SPECTATOR_TO_PLAYER: \"spectatorToPlayer\";\n        static SPECTATOR_TO_PLAYER_ERROR: \"spectatorToPlayerError\";\n        static ROOM_NAME_CHANGE: \"roomNameChange\";\n        static ROOM_NAME_CHANGE_ERROR: \"roomNameChangeError\";\n        static ROOM_PASSWORD_STATE_CHANGE: \"roomPasswordStateChange\";\n        static ROOM_PASSWORD_STATE_CHANGE_ERROR: \"roomPasswordStateChangeError\";\n        static ROOM_CAPACITY_CHANGE: \"roomCapacityChange\";\n        static ROOM_CAPACITY_CHANGE_ERROR: \"roomCapacityChangeError\";\n        static PUBLIC_MESSAGE: \"publicMessage\";\n        static PRIVATE_MESSAGE: \"privateMessage\";\n        static OBJECT_MESSAGE: \"objectMessage\";\n        static MODERATOR_MESSAGE: \"moderatorMessage\";\n        static ADMIN_MESSAGE: \"adminMessage\";\n        static EXTENSION_RESPONSE: \"extensionResponse\";\n        static ROOM_VARIABLES_UPDATE: \"roomVariablesUpdate\";\n        static USER_VARIABLES_UPDATE: \"userVariablesUpdate\";\n        static MMOITEM_VARIABLES_UPDATE: \"mmoItemVariablesUpdate\";\n        static ROOM_GROUP_SUBSCRIBE: \"roomGroupSubscribe\";\n        static ROOM_GROUP_SUBSCRIBE_ERROR: \"roomGroupSubscribeError\";\n        static ROOM_GROUP_UNSUBSCRIBE: \"roomGroupUnsubscribe\";\n        static ROOM_GROUP_UNSUBSCRIBE_ERROR: \"roomGroupUnsubscribeError\";\n        static ROOM_FIND_RESULT: \"roomFindResult\";\n        static USER_FIND_RESULT: \"userFindResult\";\n        static INVITATION: \"invitation\";\n        static INVITATION_REPLY: \"invitationReply\";\n        static INVITATION_REPLY_ERROR: \"invitationReplyError\";\n        static PING_PONG: \"pingPong\";\n        static SOCKET_ERROR: \"socketError\";\n\n        success: boolean;\n    }\n\n    interface SmartFoxEventMap extends SFSEventMap, BuddyEventMap {\n    }\n\n    interface SFSEventMap {\n        \"handshake\"; // don't have document http://docs2x.smartfoxserver.com/api-docs/jsdoc/client/SFSEvent.html\n        \"connection\": ConnectionEvent;\n        \"connectionLost\": ConnectionLostEvent;\n        \"login\": LoginEvent;\n        \"loginError\": LoginErrorEvent;\n        \"logout\": LogoutEvent;\n        \"roomAdd\": RoomAddEvent;\n        \"roomCreationError\": RoomCreationErrorEvent;\n        \"roomRemove\": RoomRemoveEvent;\n        \"roomJoin\": RoomJoinEvent;\n        \"roomJoinError\": RoomJoinErrorEvent;\n        \"userEnterRoom\": UserEnterRoomEvent;\n        \"userExitRoom\": UserExitRoomEvent;\n        \"userCountChange\": UserCountChangeEvent;\n        \"proximityListUpdate\": ProximityListUpdateEvent;\n        \"playerToSpectator\": PlayerToSpectatorEvent;\n        \"playerToSpectatorError\": PlayerToSpectatorErrorEvent;\n        \"spectatorToPlayer\": SpectatorToPlayerEvent;\n        \"spectatorToPlayerError\": SpectatorToPlayerErrorEvent;\n        \"roomNameChange\": RoomNameChangeEvent;\n        \"roomNameChangeError\": RoomNameChangeErrorEvent;\n        \"roomPasswordStateChange\": RoomPasswordStateChangeEvent;\n        \"roomPasswordStateChangeError\": RoomPasswordStateChangeErrorEvent;\n        \"roomCapacityChange\": RoomCapacityChangeEvent;\n        \"roomCapacityChangeError\": RoomCapacityChangeErrorEvent;\n        \"publicMessage\": PublicMessageEvent;\n        \"privateMessage\": PrivateMessageEvent;\n        \"objectMessage\": ObjectMessageEvent;\n        \"moderatorMessage\": ModeratorMessageEvent;\n        \"adminMessage\": AdminMessageEvent;\n        \"extensionResponse\": ExtensionResponseEvent;\n        \"roomVariablesUpdate\": RoomVariablesUpdateEvent;\n        \"userVariablesUpdate\": UserVariablesUpdateEvent;\n        \"mmoItemVariablesUpdate\": MMOItemVariablesUpdateEvent;\n        \"roomGroupSubscribe\": RoomGroupSubscribeEvent;\n        \"roomGroupSubscribeError\": RoomGroupSubscribeErrorEvent;\n        \"roomGroupUnsubscribe\": RoomGroupUnsubscribeEvent;\n        \"roomGroupUnsubscribeError\": RoomGroupUnsubscribeErrorEvent;\n        \"roomFindResult\": RoomFindResultEvent;\n        \"userFindResult\": UserFindResultEvent;\n        \"invitation\": InvitationEvent;\n        \"invitationReply\": InvitationReplyEvent;\n        \"invitationReplyError\": InvitationReplyErrorEvent;\n        \"pingPong\": PingPongEvent;\n        \"socketError\": SocketErrorEvent;\n    }\n\n    enum SFSDataType {\n        NULL = 0,\n        BOOL = 1,\n        BYTE = 2,\n        SHORT = 3,\n        INT = 4,\n        LONG = 5,\n        FLOAT = 6,\n        DOUBLE = 7,\n        UTF_STRING = 8,\n        BOOL_ARRAY = 9,\n        BYTE_ARRAY = 10,\n        SHORT_ARRAY = 11,\n        INT_ARRAY = 12,\n        LONG_ARRAY = 13,\n        FLOAT_ARRAY = 14,\n        DOUBLE_ARRAY = 15,\n        UTF_STRING_ARRAY = 16,\n        SFS_ARRAY = 17,\n        SFS_OBJECT = 18,\n        TEXT = 20\n    }\n\n    enum UserPrivileges {\n        ADMINISTRATOR,\n        GUEST,\n        MODERATOR,\n        STANDARD\n    }\n\n    class Vec3D {\n        constructor(px: number, py: number, pz?: number, useFloats?: boolean);\n\n        px: number;\n        py: number;\n        pz?: number;\n        useFloats?: boolean;\n    }\n\n    class SFSObject {\n\n        containsKey(key: string): boolean;\n\n        /**\n         * Returns the value assigned to the specified key.\n         * If the typeId parameter is passed, this method also executes a type check, to make sure the requested value\n         * has the expected type. In particular this is used by the other specialized get...() methods.\n         * @param {string} key The key whose associated value is to be returned.\n         * @param {SFSDataType} typeId The identifier of the expected value's type;\n         * must be one of the constants set in the SFSDataType class.\n         * If passed and the type is not corresponding, an error is thrown.\n         * If not passed, no type check is executed and the value is returned immediately.\n         * Defaults to null\n         * @return {any} The value assigned to the specified key. null is returned if no value is associated with\n         * the passed key.\n         */\n        get(key: string, typeId?: SFSDataType): any;\n\n        getBool(key: string): boolean;\n\n        getBoolArray(key: string): boolean[];\n\n        getByte(key: string): number;\n\n        getByteArray(key: string): number[];\n\n        getDouble(key: string): number;\n\n        getDoubleArray(key: string): number[];\n\n        /**\n         * Provides a formatted string representing this object.\n         * The returned string can be logged or traced in the console for debugging purposes.\n         * @param {boolean} format If true, the output is formatted in a human-readable way.\n         * @return {string} The string representation of this object.\n         */\n        getDump(format?: boolean): string;\n\n        getFloat(key: string): number;\n\n        getFloatArray(key: string): number[];\n\n        /**\n         * Provides a detailed hexadecimal representation of this object.\n         * The returned string can be logged or traced in the console for debugging purposes.\n         * @return {string} The hexadecimal string representation of this object.\n         */\n        getHexDump(): string;\n\n        getInt(key: string): number;\n\n        getIntArray(key: string): number[];\n\n        getKeysArray(): string[];\n\n        /**\n         * Returns the long integer corresponding to the passed key.\n         *\n         * IMPORTANT: in JavaScript, long integer numbers are limited to Number.MAX_SAFE_INTEGER\n         * (positive and negative, inclusive). This is inconsistent with the max and min Long values available in Java,\n         * which are down to -2^63 and up to 2^63 - 1. In case a number greater than Number.MAX_SAFE_INTEGER is\n         * returned, this could differ from the actual value set on the server side\n         * (a warning will be logged on the client).\n         * @param {string} key The key whose associated value is to be returned.\n         * @return {number} The value assigned to the specified key.\n         */\n        getLong(key: string): number;\n\n        /**\n         * Returns the array of long integers corresponding to the passed key.\n         *\n         * IMPORTANT: in JavaScript, long integer numbers are limited to Number.MAX_SAFE_INTEGER\n         * (positive and negative, inclusive). This is inconsistent with the max and min Long values available in Java,\n         * which are down to -2^63 and up to 2^63 - 1. In case a number greater than Number.MAX_SAFE_INTEGER is\n         * returned, this could differ from the actual value set on the server side\n         * (a warning will be logged on the client).\n         * @param {string} key The key whose associated value is to be returned.\n         * @return {number} The array assigned to the specified key.\n         */\n        getLongArray(key: string): number[];\n\n        getSFSArray(key: string): SFSArray;\n\n        getSFSObject(key: string): SFSObject;\n\n        getShort(key: string): number;\n\n        getShortArray(key: string): number[];\n\n        getText(key: string): string;\n\n        getUtfString(key: string): string;\n\n        getUtfStringArray(key: string): string[];\n\n        getWrappedItem(key: string): SFSDataWrapper;\n\n        /**\n         * Assign a value of the passed type to the passed key.\n         * @param {string} key The key to which the specified value has to be assigned.\n         * @param value The value to be assigned to the passed key.\n         * @param typeId The value's type identifier; must be one of the constants set in the SFSDataType class.\n         */\n        put(key: string, value, typeId): void;\n\n        putBool(key: string, value: boolean): void;\n\n        putBoolArray(key: string, array: boolean[]): void;\n\n        putByte(key: string, value: number): void;\n\n        putByteArray(key: string, array: number[]): void;\n\n        putDouble(key: string, value: number): void;\n\n        putDoubleArray(key: string, array: number[]): void;\n\n        putFloat(key: string, value: number): void;\n\n        putFloatArray(key: string, array: number[]): void;\n\n        putInt(key: string, value: number): void;\n\n        putIntArray(key: string, array: number[]): void;\n\n        putLong(key: string, value: number): void;\n\n        putLongArray(key: string, array: number[]): void;\n\n        putNull(key: string): void;\n\n        putSFSArray(key: string, value: SFSArray): void;\n\n        putSFSObject(key: string, value: SFSObject): void;\n\n        putShort(key: string, value: number): void;\n\n        putShortArray(key: string, array: number[]): void;\n\n        putText(key: string, value: string): void;\n\n        putUtfString(key: string, value: string): void;\n\n        putUtfStringArray(key: string, array: string[]): void;\n\n        size(): number;\n    }\n\n    class SFSArray {\n        add(value: any, typeId: SFSDataType): void;\n\n        addBool(value: boolean): void;\n\n        addBoolArray(array: boolean[]): void;\n\n        addByte(value: number): void;\n\n        addByteArray(array: number[]): void;\n\n        addDouble(value: number): void;\n\n        addDoubleArray(array: number[]): void;\n\n        addFloat(value: number): void;\n\n        addFloatArray(array: number[]): void;\n\n        addInt(value: number): void;\n\n        addIntArray(array: number[]): void;\n\n        addLong(value: number): void;\n\n        addLongArray(array: number[]): void;\n\n        addNull(): void;\n\n        addSFSArray(value: SFSArray): void;\n\n        addSFSObject(value: SFSObject): void;\n\n        addShort(value: number): void;\n\n        addShortArray(array: number[]): void;\n\n        addText(value: string): void;\n\n        addUtfString(value: string): void;\n\n        addUtfStringArray(array: string[]): void;\n\n        get(index: number, typeId?: SFSDataType): any;\n\n        getBool(index: number): boolean;\n\n        getBoolArray(index: number): boolean[];\n\n        getByte(index: number): number;\n\n        getByteArray(index: number): number[];\n\n        getDouble(index: number): number;\n\n        getDoubleArray(index: number): number[];\n\n        getDump(format?: boolean): string;\n\n        getFloat(index: number): number;\n\n        getFloatArray(index: number): number[];\n\n        getHexDump(): string;\n\n        getInt(index: number): number;\n\n        getIntArray(index: number): number[];\n\n        getLong(index: number): number;\n\n        getLongArray(index: number): number[];\n\n        getSFSArray(index: number): SFSArray;\n\n        getSFSObject(index: number): SFSObject;\n\n        getShort(index: number): number;\n\n        getShortArray(index: number): number[];\n\n        getText(index: number): string;\n\n        getUtfString(index: number): string;\n\n        getUtfStringArray(index: number): string[];\n\n        getWrappedItem(key: string): SFSDataWrapper;\n\n        size(): number;\n    }\n\n    class SFSUser {\n\n        constructor(id: number, name: string);\n\n        /**\n         * Indicates the id of this user. It is unique and it is generated by the server when the user is created.\n         */\n        id: number;\n\n        /**\n         * Returns the entry point of this user in the current user's AoI.\n\n         The returned coordinates are those that the user had when his presence in the current user's Area of Interest\n         was last notified by a proximityListUpdate event. This field is populated only if the user joined a Room of\n         type MMORoom and this is configured to receive such data from the server.\n         */\n        aoiEntryPoint: Vec3D;\n\n        /**\n         * Indicates whether this user logged in as an administrator or not. Administrator users have the privilegeId\n         * property set to UserPrivileges.ADMINISTRATOR.\n         */\n        isAdmin: boolean;\n\n        /**\n         * Indicates whether this user logged in as a guest or not. Guest users have the privilegeId property set to\n         * UserPrivileges.GUEST.\n         */\n        isGuest: boolean;\n\n        /**\n         * Indicates if this SFSUser object represents the current client.\n         */\n        isItMe: boolean;\n\n        /**\n         * Indicates whether this user logged in as a moderator or not. Moderator users have the privilegeId property\n         * set to UserPrivileges.MODERATOR.\n         */\n        isModerator: boolean;\n\n        /**\n         * Indicates whether this user is a player (playerId greater than 0) in the last joined Room or not.\n         * Non-Game Rooms always return false.\n         * If the user is inside multiple Game Rooms at the same time, use the isPlayerInRoom() method.\n         */\n        isPlayer: boolean;\n\n        /**\n         * Indicates whether this user is a spectator (playerId lower than 0) in the last joined Room or not.\n         * Non-Game Rooms always return false.\n         * If the user is inside multiple Game Rooms at the same time, use the isSpectatorInRoom() method.\n         */\n        isSpectator: boolean;\n\n        /**\n         * Indicates whether this user logged in as a standard user or not. Standard users have the privilegeId\n         * property set to UserPrivileges.STANDARD.\n         */\n        isStandardUser: boolean;\n\n        /**\n         * Indicates the name of this user. Two users in the same Zone can't have the same name.\n         */\n        name: string;\n\n        /**\n         * Returns the id which identifies the privilege level of this user.\n         */\n        privilegeId: UserPrivileges;\n\n        /**\n         * Defines a generic utility object that can be used to store custom user data.\n         * The values added to this object are for client-side use only and are\n         * never transmitted to the server or to the other clients.\n         */\n        properties: Object;\n\n        _setVariables(userVariables: SFSUserVariable[]): void;\n\n        _setPlayerId(id: number, room: SFSRoom);\n\n        /**\n         * Indicates whether this user has the specified User Variable set or not.\n         * @param varName The name of the User Variable whose existance must be checked.\n         * @returns true if a User Variable with the passed name is set for this user.\n         */\n        containsVariable(varName: string): boolean;\n\n        /**\n         * Returns the playerId value of this user in the passed Room. See the playerId property description\n         * for more informations.\n         *\n         * @param room The SFSRoom object representing the Room to retrieve the player id from.\n         *\n         * @returns The playerId of this user in the passed Room.\n         */\n        getPlayerId(room: SFSRoom): number;\n\n        /**\n         * Returns a reference to the User Manager which manages this user.\n         *\n         * @Returns {UserManager} The User Manager to which this user is associated.\n         */\n        getUserManager(): SFSUserManager;\n\n        /**\n         * Retrieves a User Variable from its name.\n         * @param varName The name of the User Variable to be retrieved.\n         *\n         * @returns: The object representing the User Variable, or null if no User Variable with the passed name\n         * is associated with this user.\n         */\n        getVariable(varName: string): SFSUserVariable;\n\n        /**\n         * Retrieves all the User Variables of this user.\n         *\n         * @returns {Array} The list of SFSUserVariable objects associated with the user.\n         */\n        getVariables(): SFSUserVariable[];\n\n        /**\n         * Indicates whether this user joined the passed Room or not.\n         *\n         * @param room The SFSRoom object representing the Room where to check the user presence.\n         * @returns: {Boolean} true if this user is inside the passed Room.\n         */\n        isJoinedInRoom(room: SFSRoom): boolean;\n\n        /**\n         * Indicates whether this user is a player (playerId greater than 0) in the passed Room or not.\n         * Non-Game Rooms always return false.\n         * If a user can join one Game Rooms at a time only, use the isPlayer property.\n         *\n         * @param room The SFSRoom object representing the Room where to check if this user is a player.\n         * @returns: {Boolean} true if this user is a player in the passed Room.\n         */\n        isPlayerInRoom(room: SFSRoom): boolean;\n\n        /**\n         * Indicates whether this user is a spectator (playerId lower than 0) in the passed Room or not.\n         * Non-Game Rooms always return false.\n         * If a user can join one Game Rooms at a time only, use the isSpectator property.\n         *\n         * @param room The SFSRoom object representing the Room where to check if this user is a spectator.\n         * @returns: {Boolean} true if this user is a spectator in the passed Room.\n         */\n        isSpectatorInRoom(room: SFSRoom): boolean;\n    }\n\n    class SFSRoom {\n\n        /**\n         * Returns the maximum amount of users, including spectators, that can be contained in this Room.\n         */\n        capacity: number;\n        /**\n         * Returns the Room Group name. Each Group is identified by a unique string (its name or id) and it represents\n         * a different \"container\" for Rooms.\n         * Room Groups enable developers to organize Rooms under different types or categories and let clients select\n         * only those Groups they are interested in, in order to receive their events only. This is done via the\n         * SubscribeRoomGroupRequest and UnsubscribeRoomGroupRequest requests.\n         */\n        groupId: string;\n        /**\n         * Indicates the id of this Room. The id is unique and it is generated by the server when the Room is created.\n         */\n        id: number;\n        /**\n         * Indicates whether this is a Game Room or not.\n         */\n        isGame: boolean;\n        /**\n         * Indicates whether this Room is hidden or not. This is a utility flag that can be used by developers to hide\n         * certain Rooms from the interface of their application.\n         */\n        isHidden: boolean;\n        /**\n         * Indicates whether the client joined this Room or not. Use the JoinRoomRequest request to join a new Room.\n         */\n        isJoined: boolean;\n        /**\n         * Indicates whether this Room requires a password to be joined or not. This flag depends on the Room's\n         * password set when the Room is created or by means of the ChangeRoomPasswordStateRequest request.\n         */\n        isPasswordProtected: boolean;\n        /**\n         * Returns the maximum number of spectators allowed in this Room (Game Rooms only). If allowed, the\n         * maxSpectators value can be changed through the ChangeRoomCapacityRequest request.\n         */\n        maxSpectators: number;\n        /**\n         * Returns the maximum number of users allowed in this Room. In case of Game Rooms, this is the maximum number\n         * of players. If allowed, the maxUsers value can be changed through the ChangeRoomCapacityRequest request.\n         */\n        maxUsers: number;\n        /**\n         * Defines a generic utility object that can be used to store custom Room data. The values added to this object\n         * are for client-side use only and are never transmitted to the server or to the other clients.\n         */\n        properties: any;\n        /**\n         * Indicates the name of this Room. Two Rooms in the same Zone can't have the same name. If allowed, the name\n         * can be changed through the ChangeRoomNameRequest request.\n         */\n        name: string;\n\n        /**\n         * Returns the current number of spectators in this Room (Game Rooms only).\n         */\n        spectatorCount: number;\n\n        /**\n         * Returns the current number of users in this Room. In case of Game Rooms, this is the number of players.\n         */\n        userCount: number;\n\n        constructor(id: number, name: string, groupId?: string);\n\n        /**\n         * Indicates whether the specified user is currently inside this Room or not.\n         * @param {SFSUser} user The SFSUser object representing the user whose presence in this\n         * Room must be checked.\n         * @return {boolean} true if the user is inside this Room; false otherwise.\n         */\n        containsUser(user: SFSUser): boolean;\n\n        containsVariable(varName: string): boolean;\n\n        getPlayerList(): SFSUser[];\n\n        getRoomManager(): SFSRoomManager;\n\n        getSpectatorList(): SFSUser[];\n\n        getUserById(id: number): SFSUser;\n\n        getUserByName(name: string): SFSUser;\n\n        getUserList(): SFSUser[];\n\n        getVariable(varName: string): SFSRoomVariable;\n\n        getVariables(): SFSRoomVariable[];\n\n        toString(): string;\n    }\n\n    enum VariableType {\n        NULL = 0,\n        BOOLEAN = 1,\n        INT = 2,\n        DOUBLE = 3,\n        STRING = 4,\n        SFSOBJECT = 5,\n        SFSARRAY = 6\n    }\n\n    class SFSUserVariable {\n\n        isNull: boolean;\n        isPrivate: boolean;\n        name: string;\n        type: VariableType;\n        value: any;\n\n        /**\n         * Creates a new SFSUserVariable instance.\n         * A SFSUserVariable is a custom value attached to a SFSUser object that gets automatically synchronized\n         * between client and server on every change.\n         * User Variables are particularly useful to store custom user data that must be \"visible\" to the other users,\n         * such as a profile, a score, a status message, etc. User Variables can be set by means of the\n         * SetUserVariablesRequest request; they support the following data types (also nested): boolean, number,\n         * string, SFSObject, SFSArray. A User Variable can also be null.\n\n         * @param {string} name The name of the User Variable.\n         * @param value The value of the User Variable; it can also be null.\n         * @param {VariableType} type The type id of the User Variable among those available in the VariableType\n         * class. Usually it is not necessary to pass this parameter, as the type is auto-detected from the value.\n         */\n        constructor(name: string, value: any, type?: VariableType);\n\n        toString(): string;\n    }\n\n    class SFSRoomVariable extends SFSUserVariable {\n\n        isPersistent: boolean;\n        isPrivate: boolean;\n\n        value: any;\n\n\n        static fromSFSArray(data: SFSArray): SFSUserVariable;\n    }\n\n    interface Request {\n\n    }\n    class MessageRecipientMode {\n        static readonly TO_USER: 0;\n        static readonly TO_ROOM: 1;\n        static readonly TO_GROUP: 2;\n        static readonly TO_ZONE: 3;\n        constructor(mode: 0 | 1 | 2 | 3, target: SFSUser | SFSRoom | string);\n    }\n    class AdminMessageRequest {\n        constructor(message: string, recipientMode: MessageRecipientMode, params: SFSObject);\n    }\n\n    class SetUserVariablesRequest implements Request {\n        constructor(userVariables: SFSUserVariable[]);\n    }\n\n    class LoginRequest implements Request {\n        constructor(userName: string, password?: string, params?: any, zoneName?: string);\n    }\n\n    class JoinRoomRequest implements Request {\n        constructor(room: number | string | SFSRoom, password?: string, roomIdToLeave?: number, asSpectator?: boolean);\n    }\n\n    class LeaveRoomRequest implements Request {\n        constructor(room: SFSRoom);\n    }\n\n    class PublicMessageRequest implements Request {\n        constructor(message: string, params?: SFSObject, targetRoom?: SFSRoom);\n    }\n\n    /**\n     * Creates a new SubscribeRoomGroupRequest instance. The instance must be passed to the SmartFox.send()\n     * method for the request to be performed.\n     * This request allows the user to be notified of specific Room events even if he didn't join the Room from\n     * which the events originated, provided the Room belongs to the subscribed Group.\n     * If the subscription operation is successful, the current user receives a roomGroupSubscribe event;\n     * otherwise the roomGroupSubscribeError event is fired.\n     */\n    class SubscribeRoomGroupRequest implements Request {\n        /**\n         * @param groupId The name of the Room Group to subscribe.\n         */\n        constructor(groupId: string);\n    }\n\n    /**\n     * Creates a new UnsubscribeRoomGroupRequest instance. The instance must be passed to the SmartFox.send()\n     * method for the request to be performed.\n     * This request allows the user to stop being notified of specific Room events occurring in Rooms\n     * belonging to the unsubscribed Group.\n     * If the operation is successful, the current user receives a roomGroupUnsubscribe event; otherwise the\n     * roomGroupUnsubscribeError event is fired.\n     */\n    class UnsubscribeRoomGroupRequest implements Request {\n        /**\n         * @param groupId The name of the Room Group to unsubscribe.\n         */\n        constructor(groupId: string);\n    }\n\n    /**\n     * Sends a command to the server-side Extension attached to the Zone or to a Room.\n     */\n    class ExtensionRequest implements Request {\n        /**\n         * Creates a new ExtensionRequest instance. The instance must be passed to the SmartFox.send() method for the request to be performed.\n         * This request is used to send custom commands from the client to a server-side Extension, be it a Zone-level or Room-level Extension. Viceversa, the extensionResponse event is used by the server to send Extension commands/responses to the client.\n         *\n         * @param extCmd The name of the command which identifies an action that should be executed by\n         * the server-side Extension.\n         * @param params An object containing custom data to be sent to the Extension. Can be null if no data\n         * needs to be sent.\n         * @param room If null, the specified command is sent to the current Zone server-side Extension;\n         * if not null, the command is sent to the server-side Extension attached to the passed Room.\n         */\n        constructor(extCmd: string, params?: SFSObject, room?: SFSRoom);\n    }\n\n    class LogoutRequest implements Request {\n        /**\n         * Creates a new LogoutRequest instance. The instance must be passed to the SmartFox.send() method for the request to be performed.\n         This request logs the user out of the current server Zone. The user is notified of the logout operation by means of the logout event. This doesn't shut down the connection, so the user will be able to login again in the same Zone or in a different one right after the confirmation event.\n\n         The following example performs a logout from the current Zone:\n         */\n        constructor();\n    }\n\n\n    /**\n     * The manager of the current user's Buddy List system.\n     */\n    class SFSBuddyManager {\n\n    }\n\n    /**\n     * The manager of the client-side Rooms list.\n     */\n    class SFSRoomManager {\n\n        /**\n         * Retrieves a SFSRoom object from its id.\n         * @param id The id of the Room.\n         * @returns The object representing the requested Room; null if no SFSRoom object with the passed id exists in the Rooms list.\n         */\n        getRoomById(id): SFSRoom;\n\n        /**\n         * Indicates whether the specified Group has been subscribed by the client or not.\n         * @param groupId\n         * @returns {boolean}\n         */\n        containsGroup(groupId): boolean;\n\n        /**\n         * Retrieves the list of Rooms which are part of the specified Room Group.\n         * @param groupId\n         * @returns Array of SFSRoom The list of the available SFSRoom objects\n         */\n        getRoomListFromGroup(groupId): SFSRoom[];\n    }\n\n    /**\n     * This class keeps track of all the users that are currently joined in the same Rooms of the current user.\n     * It also provides utility methods to look for users by name and id.\n     * @NOTE: developers never instantiate a UserManager manually: this is done by the SmartFoxServer 2X API\n     * internally. A reference to the existing instance can be retrieved using the SmartFox.userManager property.\n     */\n    class SFSUserManager {\n\n        /**\n         * Retrieves a SFSUser object from its id property.\n         * @param userId The id of the user to be found.\n         * @returns The SFSUser object representing the user, or null if no user with the passed id exists in the local users list.\n         */\n        getUserById(userId): SFSUser;\n    }\n\n\n    enum ClientDisconnectionReason {\n        IDLE = \"idle\",\n        KICK = \"kick\",\n        BAN = \"ban\",\n        MANUAL = \"manual\",\n        UNKNOWN = \"unknown\"\n        // getReason(value: number): string;\n    }\n\n    class LoggerEvent {\n        static readonly DEBUG: \"debug\";\n        static readonly INFO: \"info\";\n        static readonly WARNING: \"warn\";\n        static readonly ERROR: \"error\";\n\n        message: string;\n    }\n\n    interface LoggerEventMap {\n        \"debug\": LoggerEvent;\n        \"info\": LoggerEvent;\n        \"warn\": LoggerEvent;\n        \"error\": LoggerEvent;\n    }\n\n    /**\n     * The internal logger used by the SmartFoxServer 2X client API.\n     * You can get a reference to the Logger by means of the SmartFox.logger property.\n     * Accessing the logger instance allows to control the client-side logging level by means of the setLevel() method.\n     */\n    interface Logger {\n        enableConsoleOutput: boolean;\n        enableEventDispatching: boolean;\n        /**\n         * Gets and sets the current logging level.\n         * Debugging messages with a level lower than this value are not logged.\n         * The available log levels are contained in the LogLevel class. The default value is LogLevel.INFO.\n         */\n        level: LogLevel;\n\n        /**\n         * Registers an event listener function that will receive notification of an event.\n         * If you no longer need an event listener, remove it by calling the removeEventListener()\n         * method, or memory issues could arise. In fact event listeners are not automatically removed from memory.\n         * @param {LoggerEvent} evtType The type of event to listen to, among those available in the SFSEvent,\n         * SFSBuddyEvent and LoggerEvent classes.\n         * @param {() => any} callback The listener function that processes the event. This function should accept\n         * an object as its only parameter, which in turn contains the event parameters.\n         * @param scope The object that acts as a context for the event listener: it is the object that acts as a\n         * \"parent scope\" for the callback function, thus providing context (i.e. access to variables and other mehtods)\n         * to the function itself.\n         */\n        addEventListener<K extends keyof LoggerEventMap>(evtType: K, callback: (ev: LoggerEventMap[K]) => void, scope?: any): void;\n\n        removeEventListener<K extends keyof LoggerEventMap>(evtType: K, callback: (ev: LoggerEventMap[K]) => void);\n\n        debug(data: any): void;\n\n        info(data: any): void;\n\n        warn(data: any): void;\n\n        error(data: any): void;\n    }\n\n    /**\n     * The importance levels of logged messages.\n     */\n    enum LogLevel {\n        /**\n         * A DEBUG message is a fine-grained information on the client activity.\n         */\n        DEBUG,\n\n        /**\n         * An INFO message contains informations on the standard client activities.\n         */\n        INFO,\n\n        /**\n         * A WARN message is a warning caused by an unexpected behavior of the client.\n         * Client operations are not compromised when a warning is raised.\n         */\n        WARN,\n\n        /**\n         * An ERROR message contains informations on a problem that occurred during the client activities.\n         * Client operations might be compromised when an error is raised.\n         */\n        ERROR\n    }\n\n    class EventDispatcher {\n        /**\n         * Registers an event listener function that will receive notification of an event.\n         * If you no longer need an event listener, remove it by calling the removeEventListener() method, or memory\n         * problems could result. In fact event listeners are not automatically removed from memory.\n         *\n         * @param evtType The type of event to listen to, among those available in the SFSevent and SFSBuddyEvent classes.\n         * @param listener The listener function that processes the event. This function should accept an object as its\n         * only parameter, which in turn contains the event parameters.\n         * @param scope The object that acts as a context for the event listener: it is the object that acts as a\n         * \"parent scope\" for the callback function, thus providing context\n         * (i.e. access to variables and other mehtods) to the function itself.\n         */\n        addEventListener<K extends keyof SmartFoxEventMap>(evtType: K, listener: (ev: SmartFoxEventMap[K]) => void, scope?: any): void;\n\n        /**\n         * Removes an event listener.\n         *\n         * @param evtType The type of event to remove, among those available in the SFSevent and SFSBuddyEvent classes.\n         * @param listener The listener function to be removed.\n         */\n        removeEventListener<K extends keyof SmartFoxEventMap>(evtType: K, listener: (ev: SmartFoxEventMap[K]) => void): void;\n\n\n        dispatchEvent<K extends keyof SmartFoxEventMap>(evtType: K, evtObj: SmartFoxEventMap[K]): void;\n    }\n\n    /**\n     * The SmartFoxServer 2X JavaScript API main class.\n     */\n    class SmartFox extends EventDispatcher {\n\n        /**\n         * Creates a new SmartFox instance.\n         * The SmartFox class is responsible for connecting the client to a SmartFoxServer instance and for dispatching all asynchronous events. Developers always interact with SmartFoxServer through this class.\n         * For detailed informations please check our website: http://www.smartfoxserver.com.\n         * @param config\n         */\n        constructor(config?: LoginConfig);\n\n        buddyManager: SFSBuddyManager;\n\n        /**\n         * Returns the client configuration object passed during the SmartFox instance creation.\n         */\n        config: LoginConfig;\n\n        /**\n         * Indicates whether the client-server messages console debug is enabled or not.\n         * If set to true, detailed debugging informations for all the incoming and outgoing messages are provided in the browser's debug console (if available).\n         * Debugging can be enabled when instantiating the SmartFox class too by means of the configuration object.\n         */\n        debug: boolean;\n\n        /**\n         * Indicates whether the client is connected to the server or not.\n         */\n        isConnected: boolean;\n\n        /**\n         * Returns the object representing the last Room joined by the client, if any.\n         * This property is null if no Room was joined.\n         * NOTE: setting the lastJoinedRoom property manually can disrupt the API functioning. Use the JoinRoomRequest request to join a new Room instead.\n         */\n        lastJoinedRoom: SFSRoom;\n\n        /**\n         * Returns a reference to the internal Logger instance used by SmartFoxServer 2X.\n         */\n        logger: Logger;\n\n        /**\n         * Returns the maximum size of messages allowed by the server.\n         * Any request exceeding this size will not be sent. The value is determined by the server configuration.\n         */\n        maxMessageSize: number;\n\n        /**\n         * Returns the SFSUser object representing the client itself when connected to a SmartFoxServer 2X instance.\n         * This object is generated upon successful login only, so it is null if login was not performed yet.\n         *\n         * NOTE: setting the mySelf property manually can disrupt the API functioning.\n         */\n        mySelf: SFSUser;\n\n        /**\n         * Returns a reference to the Room Manager.\n         * This manager is used internally by the SmartFoxServer 2X API; the reference returned by this property gives\n         * access to the Rooms list and Groups, allowing interaction with SFSRoom objects.\n         */\n        roomManager: SFSRoomManager;\n\n        /**\n         * Returns the unique session token of the client.\n         * The session token is a string sent by the server to the client after the initial handshake.\n         * It is required as mean of identification when uploading files to the server (see specific documentation).\n         */\n        sessionToken: string;\n\n        /**\n         * Returns a reference to the User Manager.\n         * This manager is used internally by the SmartFoxServer 2X API; the reference returned by this property\n         * gives access to the users list, allowing interaction with SFSUser objects.\n         */\n        userManager: SFSUserManager;\n\n        /**\n         * Returns the current version of the SmartFoxServer 2X JavaScript API.\n         */\n        version: string;\n\n       /**\n         * Establishes a connection between the client and a SmartFoxServer 2X instance.\n         * If no argument is passed, the client will use the settings passed during the SmartFox class instantiation.\n         *\n         * @param host The address of the server to connect to.\n         * @param port The TCP port to connect to.\n         * @param useSSL Use an encrypted SSL connection.\n         *\n         * @see SFSEvent.CONNECTION\n         */\n        connect(host?: string, port?: number, useSSL?: boolean): void;\n\n        /**\n         * Closes the connection between the client and the SmartFoxServer 2X instance.\n         *\n         * @see SFSEvent.CONNECTION_LOST\n         */\n        disconnect(): void;\n\n        /**\n         * Enables the automatic realtime monitoring of the lag between the client and the server (round robin).\n         * When turned on, the pingPong event type is dispatched continuously, providing the average of the last ten measured lag values. The lag monitoring is automatically halted when the user logs out of a Zone or gets disconnected.\n         * NOTE: the lag monitoring can be enabled after the login has been performed successfully only.\n         * @param enabled The lag monitoring status: true to start the monitoring, false to stop it.\n         * @param interval The amount of seconds to wait between each query (recommended 3-4s).\n         * @param queueSize The amount of values stored temporarily and used to calculate the average lag.\n         */\n        enableLagMonitor(enabled: boolean, interval?: number, queueSize?: number): void\n\n        /**\n         * Returns a list of SFSRoom objects representing the Rooms currently joined by the client.\n         *\n         * NOTE: the same list is returned by the RoomManager.getJoinedRooms() method, accessible through the roomManager\n         * property; this was replicated on the SmartFox class for handy access due to its usually frequent usage.\n         *\n         * @return The list of SFSRoom objects representing the Rooms joined by the client.\n         */\n        getJoinedRooms(): SFSRoom[];\n\n        /**\n         * Retrieves a SFSRoom object from its id.\n         * NOTE: the same object is returned by the RoomManager.getRoomById() method, accessible through the roomManager\n         * property; this was replicated on the SmartFox class for handy access due to its usually frequent usage.\n         *\n         * @param id The id of the Room.\n         * @return The object representing the requested Room;\n         * null if no SFSRoom object with the passed id exists in the Rooms list.\n         */\n        getRoomById(id: number): SFSRoom;\n\n        /**\n         * Retrieves a SFSRoom object from its name.\n         * NOTE: the same object is returned by the RoomManager.getRoomByName() method, accessible through the roomManager\n         * property; this was replicated on the SmartFox class for handy access due to its usually frequent usage.\n         *\n         * @param name The name of the Room.\n         * @return The object representing the requested Room;\n         * null if no SFSRoom object with the passed name exists in the Rooms list.\n         */\n        getRoomByName(name: string): SFSRoom;\n\n        /**\n         * Returns the list of SFSRoom objects representing the Rooms currently \"watched\" by the client.\n         * The list contains all the Rooms that are currently joined and all the Rooms belonging to the Room Groups\n         * that have been subscribed by the client.\n         *\n         * NOTE 1: at login time, the client automatically subscribes all the Room Groups specified in the Zone's Default\n         * Room Groups setting.\n         * NOTE 2: the same list is returned by the RoomManager.getRoomList() method, accessible through the roomManager\n         * property; this was replicated on the SmartFox class for handy access due to its usually frequent usage.\n         *\n         * @return The list of SFSRoom objects representing the Rooms available on the client.\n         */\n        getRoomList(): SFSRoom[];\n\n        /**\n         * Retrieves the list of Rooms which are part of the specified Room Group.\n         * NOTE: the same list is returned by the RoomManager.getRoomListFromGroup() method, accessible through the\n         * roomManager property; this was replicated on the SmartFox class for handy access due to\n         * its usually frequent usage.\n         *\n         * @param groupId The name of the Group.\n         * @return The list of SFSRoom objects belonging to the passed Group.\n         */\n        getRoomListFromGroup(groupId: string): SFSRoom[];\n\n        /**\n         * Sends a request to the server.\n         *\n         * All the available request objects can be found under the Requests namespace.\n         *\n         * @param request A request object.\n         */\n        send(request: Request): void;\n\n        /**\n         * Allows to specify custom client details that will be used to gather statistics about the client platform\n         * via the AdminTool's Analytics Module.\n         * By default no details are sent and the client type is the generic \"JavaScript\".\n         * NOTE: this method must be called before the connection is started. The length of the two strings combined\n         * must be less than 512 characters.\n         * @param {string} platformId An identification string for the client, like the browser name for example.\n         * @param {string} version An additional string to describe the client version, like the browser\n         * version for example.\n         */\n        setClientDetails(platformId: string, version: string): void;\n    }\n\n    class BaseVariable {\n        readonly isNull: boolean;\n        readonly name: string;\n        readonly type: \"null\" | \"boolean\" | \"int\" | \"double\" | \"string\" | \"SFSObject\" | \"SFSArray\";\n        readonly value: any;\n    }\n\n    class SFSBuddyVariable extends BaseVariable {\n        /**\n         * @param name The name of the Buddy Variable.\n         * @param value  The value of the Buddy Variable; it can also be null.\n         * @param type The type id of the Buddy Variable among those available in the VariableType class.\n         * Usually it is not necessary to pass this parameter, as the type is auto-detected from the value.\n\n         Defaults to -1.\n         */\n        constructor(name: string,\n                    value: boolean | number | SFSObject | SFSArray | null,\n                    type?: number);\n\n        static readonly OFFLINE_PREFIX: string;\n        readonly isOffline: boolean;\n\n        toString(): string;\n    }\n\n    class SFSBuddy {\n        readonly id: number;\n        readonly isBlocked: boolean;\n        readonly isOnline: boolean;\n        readonly isTemp: boolean;\n        readonly name: string;\n        readonly nickName: string | null;\n        readonly state: string | null;\n\n        containsVariable(varName: string): boolean;\n\n        getOfflineVariables(): SFSBuddyVariable[];\n\n        getOnlineVariables(): SFSBuddyVariable[];\n\n        getVariable(varName: string): SFSBuddyVariable;\n\n        getVariables(): SFSBuddyVariable[];\n\n        toString(): string;\n    }\n\n    interface BuddyEventMap {\n        \"buddyListInit\": BuddyListInitEvent;\n        \"buddyAdd\": BuddyAddEvent;\n        \"buddyRemove\": BuddyRemoveEvent;\n        \"buddyBlock\": BuddyBlockEvent;\n        \"buddyError\": BuddyErrorEvent;\n        \"buddyOnlineStateChange\": BuddyOnlineStateChangeEvent;\n        \"buddyVariablesUpdate\": BuddyVariablesUpdateEvent;\n        \"buddyMessage\": BuddyMessageEvent;\n    }\n\n    class SFSBuddyEvent {\n        static BUDDY_LIST_INIT: \"buddyListInit\";\n        static BUDDY_ADD: \"buddyAdd\";\n        static BUDDY_REMOVE: \"buddyRemove\";\n        static BUDDY_BLOCK: \"buddyBlock\";\n        static BUDDY_ERROR: \"buddyError\";\n        static BUDDY_ONLINE_STATE_CHANGE: \"buddyOnlineStateChange\";\n        static BUDDY_VARIABLES_UPDATE: \"buddyVariablesUpdate\";\n        static BUDDY_MESSAGE: \"buddyMessage\";\n    }\n\n    interface BuddyAddEvent {\n        buddy: SFSBuddy;\n    }\n\n    interface BuddyBlockEvent {\n        buddy: SFSBuddy;\n    }\n\n    interface BuddyErrorEvent {\n        errorMessage: string;\n        errorCode: number;\n    }\n\n    interface BuddyListInitEvent {\n        buddyList: SFSBuddy[];\n        myVariables: SFSBuddyVariable[];\n    }\n\n    interface BuddyMessageEvent {\n        buddy: SFSBuddy;\n        isItMe: boolean;\n        message: string;\n        data: SFSObject;\n    }\n\n    interface BuddyOnlineStateChangeEvent {\n        buddy: SFSBuddy;\n        isItMe: boolean;\n    }\n\n    interface BuddyRemoveEvent {\n        buddy: SFSBuddy;\n    }\n\n    interface BuddyVariablesUpdateEvent {\n        buddy: SFSBuddy;\n        isItMe: boolean;\n        changedVars: string[];\n    }\n\n    interface AdminMessageEvent {\n        sender: SFSUser;\n        message: string;\n        data: SFSObject;\n    }\n\n    interface ConnectionEvent {\n        success: boolean;\n    }\n\n    interface ConnectionLostEvent {\n        reason: ClientDisconnectionReason;\n    }\n\n    interface ExtensionResponseEvent {\n        cmd: string;\n        params: SFSObject;\n        sourceRoom: number;\n    }\n\n    class SFSInvitation {\n        readonly id: number;\n        readonly invitee: SFSUser;\n        readonly inviter: SFSUser;\n        readonly params: SFSObject;\n        readonly secondsForAnswer: number;\n    }\n\n    interface InvitationEvent {\n        invitation: SFSInvitation;\n    }\n\n    interface InvitationReplyEvent {\n        invitee: SFSUser;\n        reply: number;\n        data: SFSObject;\n    }\n\n    interface InvitationReplyErrorEvent {\n        errorMessage: string;\n        errorCode: number;\n    }\n\n    interface LoginEvent {\n        user: SFSUser;\n        data: SFSObject;\n    }\n\n    interface LoginErrorEvent {\n        errorMessage: string;\n        errorCode: number;\n    }\n\n    interface LogoutEvent {\n    }\n\n    class MMOItemVariable extends BaseVariable {\n    }\n\n    class MMORoom {\n        // TODO\n    }\n\n    class MMOItem {\n        readonly aoiEntryPoint: Vec3D;\n        readonly id: number;\n\n        containsVariable(varName: string): boolean;\n\n        getVariable(varName: string): MMOItemVariable;\n\n        getVariables(): MMOItemVariable[];\n\n        toString(): string;\n    }\n\n    interface MMOItemVariablesUpdateEvent {\n        room: MMORoom;\n        mmoItem: MMOItem;\n        changedVars: string[];\n    }\n\n    interface ModeratorMessageEvent {\n        sender: SFSUser;\n        message: string;\n        data: SFSObject;\n    }\n\n    interface ObjectMessageEvent {\n        sender: SFSUser;\n        message: string;\n    }\n\n    interface PingPongEvent {\n        lagValue: number;\n    }\n\n    interface PlayerToSpectatorEvent {\n        room: SFSRoom;\n        user: SFSUser;\n    }\n\n    interface PlayerToSpectatorErrorEvent {\n        errorMessage: string;\n        errorCode: number;\n    }\n\n    interface PrivateMessageEvent {\n        sender: SFSUser;\n        message: string;\n        data: SFSObject;\n    }\n\n    interface ProximityListUpdateEvent {\n        addedUsers: SFSUser[];\n        removedUsers: SFSUser[];\n        addedItems: MMOItem[];\n        removedItems: MMOItem[];\n    }\n\n    interface PublicMessageEvent {\n        room: SFSRoom;\n        sender: SFSUser;\n        message: string;\n        data: SFSObject;\n    }\n\n    interface RoomAddEvent {\n        room: SFSRoom;\n    }\n\n    interface RoomCapacityChangeEvent {\n        room: SFSRoom;\n    }\n\n    interface RoomCapacityChangeErrorEvent {\n        errorMessage: string;\n        errorCode: number;\n    }\n\n    interface RoomCreationErrorEvent {\n        errorMessage: string;\n        errorCode: number;\n    }\n\n    interface RoomFindResultEvent {\n        rooms: SFSRoom[];\n    }\n\n    interface RoomGroupSubscribeEvent {\n        groupId: string;\n        newRooms: SFSRoom[];\n    }\n\n    interface RoomGroupSubscribeErrorEvent {\n        errorMessage: string;\n        errorCode: number;\n    }\n\n    interface RoomGroupUnsubscribeEvent {\n        groupId: string;\n    }\n\n    interface RoomGroupUnsubscribeErrorEvent {\n        errorMessage: string;\n        errorCode: number;\n    }\n\n    interface RoomJoinEvent {\n        room: SFSRoom;\n    }\n\n    interface RoomJoinErrorEvent {\n        errorMessage: string;\n        errorCode: number;\n    }\n\n    interface RoomNameChangeEvent {\n        room: SFSRoom;\n        oldName: string;\n    }\n\n    interface RoomNameChangeErrorEvent {\n        errorMessage: string;\n        errorCode: number;\n    }\n\n    interface RoomPasswordStateChangeEvent {\n        room: SFSRoom;\n    }\n\n    interface RoomPasswordStateChangeErrorEvent {\n        errorMessage: string;\n        errorCode: number;\n    }\n\n    interface RoomRemoveEvent {\n        room: SFSRoom;\n    }\n\n    interface RoomVariablesUpdateEvent {\n        room: SFSRoom;\n        changedVars: string[];\n    }\n\n    interface SocketErrorEvent {\n        errorMessage: string;\n    }\n\n    interface SpectatorToPlayerEvent {\n        room: SFSRoom;\n        user: SFSUser;\n        playerId: number;\n    }\n\n    interface SpectatorToPlayerErrorEvent {\n        errorMessage: string;\n        errorCode: number;\n    }\n\n    interface UserCountChangeEvent {\n        room: SFSRoom;\n        uCount: number;\n        sCount: number;\n    }\n\n    interface UserEnterRoomEvent {\n        user: SFSUser;\n        room: SFSRoom;\n    }\n\n    interface UserExitRoomEvent {\n        user: SFSUser;\n        room: SFSRoom;\n    }\n\n    interface UserFindResultEvent {\n        users: SFSUser[];\n    }\n\n    interface UserVariablesUpdateEvent {\n        user: SFSUser;\n        changedVars: string[];\n    }\n\n    class Matcher {\n        readonly symbol: string;\n        readonly type: number;\n    }\n    class BoolMatch extends Matcher {\n        static readonly EQUALS: BoolMatch;\n        static readonly NOT_EQUALS: BoolMatch;\n    }\n    class NumberMatch extends Matcher {\n        static readonly EQUALS: NumberMatch;\n        static readonly GREATER_THAN: NumberMatch;\n        static readonly GREATER_THAN_OR_EQUAL_TO: NumberMatch;\n        static readonly LESS_THAN: NumberMatch;\n        static readonly LESS_THAN_OR_EQUAL_TO: NumberMatch;\n        static readonly NOT_EQUALS: NumberMatch;\n    }\n    class StringMatch extends Matcher {\n        static readonly CONTAINS: StringMatch;\n        static readonly ENDS_WITH: StringMatch;\n        static readonly EQUALS: StringMatch;\n        static readonly NOT_EQUALS: StringMatch;\n        static readonly STARTS_WITH: StringMatch;\n    }\n    enum UserProperties {\n        NAME = \"${N}\",\n        IS_PLAYER = \"${ISP}\",\n        IS_SPECTATOR = \"${ISS}\",\n        IS_NPC = \"${ISN}\",\n        PRIVILEGE_ID = \"${PRID}\",\n        IS_IN_ANY_ROOM = \"${IAR}\"\n    }\n    enum RoomProperties {\n        NAME = \"${N}\",\n        GROUP_ID = \"${G}\",\n        MAX_USERS = \"${MXU}\",\n        MAX_SPECTATORS = \"${MXS}\",\n        USER_COUNT = \"${UC}\",\n        SPECTATOR_COUNT = \"${SC}\",\n        IS_GAME = \"${ISG}\",\n        IS_PRIVATE = \"${ISP}\",\n        HAS_FREE_PLAYER_SLOTS = \"${HFP}\",\n        IS_TYPE_SFSGAME = \"${IST}\"\n    }\n    class SFSErrorCodes {\n        static setErrorMessage(code: number, message: string);\n    }\n}"]],0,0,[],[],[]]